名称及规格,单位,数量,市场价,合计,单位面积用量
综合工日 ,工日,7000.8519,80.0,560068.15,0.547968996556
ZRJV-4*50+1*25 ,m,508.535,149.51,76031.07,0.0398039292423
BV-4 ,m,28887.384,2.18,62974.5,2.26106637445
ZRYJV-4*50+1*25 ,m,375.114,149.51,56083.29,0.0293608328115
YJV-4*240+1*120 ,m,78.78,666.23,52485.6,0.00616624921728
BV-2.5 ,m,34389.4064,1.41,48489.07,2.69171934878
BV10 ,m,6904.38,5.83,40252.54,0.540417971196
NHYJV-4*25+1*16 ,m,403.1314,96.52,38910.24,0.0315538040075
NHYJV-5*16 ,m,530.2096,71.46,37888.78,0.0415004383219
电缆桥架SR400*150加隔板 ,m,153.2625,211.25,32376.7,0.0119961255479
PVC 阻燃塑料管 20,m,13712.9417,2.35,32225.41,1.07333607545
焊接钢管 20,m,4490.285,6.57,29501.17,0.351462507827
KBG扣压式薄壁钢管 25,m,3257.89,8.44,27496.59,0.255000782718
NHBV-2.5 ,m,9961.0012,2.62,26097.82,0.779665090795
焊接钢管 25,m,2676.661,9.5,25428.28,0.209506966187
其他机具费 ,元,20794.8095,1.0,20794.81,1.62764632905
ZRYJV-4*25+1*16 ,m,235.128,84.07,19767.21,0.0184038822793
电缆桥架SR200*100 ,m,175.8449,94.45,16608.55,0.0137636897307
ZRJV-4*25+1*16 ,m,155.3986,84.07,13064.36,0.0121633218535
BV70 ,m,325.08,38.62,12554.59,0.0254445835942
PVC 阻燃塑料管 15,m,6644.543,1.84,12225.96,0.52008007201
安全出口指示灯（自带蓄电池） ,套,103.02,110.0,11332.2,0.00806355666875
镀锌扁钢 ,kg,2299.9479,3.37,10240.49,0.180020969004
铜端子 10,个,1289.0704,2.0,8936.1,0.100897808391
PVC 阻燃塑料管 25,m,3232.5075,2.75,8889.4,0.253014049781
其他材料费 ,元,8459.8264,1.0,8459.83,0.662165497808
KBG扣压式薄壁钢管 20,m,1151.334,6.63,7633.34,0.0901169380088
端子箱 ,台,148.0,50.0,7400.0,0.0115842204133
铜端子 16,个,438.48,16.5,7234.92,0.0343206011271
单相带保护门二、三极插座（卧室、起居室） ,个,1101.6,6.5,7160.4,0.0862241703193
塑料接线盒 86HS,个,4310.4782,1.62,6982.97,0.337388713212
电缆桥架SR800*150加隔板 ,m,16.9845,400.05,6794.65,0.00132940670006
走道普通吸顶灯 ,套,167.66,40.0,6706.4,0.013123043206
焊接钢管 32,m,517.678,12.29,6362.26,0.0405195679399
铜端子 70,个,590.73,8.8,5943.84,0.0462374765185
焊接钢管 40,m,390.267,15.08,5885.23,0.030546884784
YJV-5*6 ,m,271.387,20.89,5669.27,0.0212419380088
接线箱 700,个,266.0,21.0,5586.0,0.0208202880401
防火材料 ,m3,2.163,2500.0,5407.5,0.000169301815905
板方材 ,m3,3.205,1683.0,5394.02,0.000250860989355
入盒接头及锁扣 20,套,1997.4069,2.7,5393.0,0.156340552599
普通灯 ,套,94.94,49.0,4652.06,0.0074311208516
双管荧光灯（自带电容补偿） ,套,61.61,75.0,4620.75,0.00482232310582
电缆桥架SR500*100 ,m,21.9593,207.88,4564.9,0.00171879304947
YJV-4*50+1*25 ,m,29.997,135.92,4077.19,0.0023479179712
焊锡 ,kg,137.1839,29.0,3978.33,0.0107376252348
单相三极空调插座 ,个,496.74,7.45,3700.71,0.0388807138384
座灯灯口 ,个,1179.12,3.0,3537.36,0.0922917971196
单联三接点声光控延时开关 ,个,93.84,35.2,3303.17,0.00734502191609
拉线箱300 ,个,177.691,18.0,3198.44,0.013908187226
PVC管专用弹簧 ,根,227.6222,13.75,3129.81,0.0178163901064
BV35 ,m,162.54,18.87,3067.13,0.0127222917971
焊接钢管 70,m,115.875,26.08,3022.02,0.00906974013776
NHYJV-5*10 ,m,54.54,51.87,2828.99,0.00426894176581
其他人工费 ,元,2531.6532,1.0,2531.65,0.198156950532
单相二、三极防溅插座（厨房） ,个,293.76,8.6,2526.34,0.0229931120852
KBG螺纹管接头 Φ25,个,814.4725,3.0,2443.42,0.0637501956794
入盒接头及锁扣 15,套,967.8344,2.5,2419.59,0.0757541014402
单控单联跷板开关 ,个,564.06,4.2,2369.05,0.0441499686913
塑料灯头盒 S1-S4,个,1393.8555,1.62,2258.05,0.109099522542
塑料台 ,个,1497.3,1.4,2096.22,0.117196305573
角钢 63以内,kg,654.304,2.37,2031.71,0.0512135253601
电缆桥架SR100*100 ,m,32.964,60.49,1993.99,0.00258015028178
电焊条(综合) ,kg,405.1828,4.9,1985.4,0.0317143706951
其他构件 ,t,0.2875,6752.0,1941.2,2.25031308704e-05
机房防潮灯 ,套,36.36,53.0,1927.08,0.00284596117721
普通灯泡 ,个,1635.64,1.15,1880.99,0.128024420789
接线盒 86H,个,846.5878,2.2,1862.49,0.0662639167188
直管接头 20,个,2263.7278,0.8,1810.98,0.177185958046
单控双联跷板开关 ,个,350.88,5.1,1789.49,0.0274639949906
汽油 60#-70#,kg,602.9539,2.9,1748.57,0.04719426268
电力复合脂 一级,kg,86.15,20.0,1723.0,0.00674311208516
KBG扣压式薄壁钢管 32,m,156.045,10.96,1710.25,0.0122139167188
焊锡丝 ,kg,58.452,29.0,1695.11,0.00457514088917
单向安全疏散指示灯（自带蓄电池） ,套,15.15,110.0,1666.5,0.00118581715717
入盒接头及锁扣 25,套,469.2938,3.4,1595.6,0.0367324514715
接地编织铜线 ,m,158.8,10.0,1588.0,0.0124295554164
绝缘导线 BV-2.5,m,2500.823,0.62,1550.51,0.195743816531
铰链 ,付,149.0,10.0,1490.0,0.0116624921728
镀锌钢管 150,m,14.8,98.04,1450.99,0.00115842204133
NHYJV-5*4 ,m,57.166,25.11,1435.44,0.00447448340639
镀锌圆钢 Φ10以外,kg,290.2429,3.4,1355.99,0.0227178224796
单相三极带开关防溅插座（洗衣机） ,个,183.6,7.25,1331.1,0.0143706950532
红丹防锈漆 ,kg,112.3919,11.4,1281.27,0.00879711177207
ZRBV-4 ,m,533.252,2.4,1279.8,0.0417385723231
环氧粘接剂 ,kg,28.608,43.7,1250.17,0.00223919849718
BV25 ,m,90.195,13.69,1234.77,0.00705972135254
镀锌钢管 80,m,27.75,44.33,1230.16,0.00217204132749
铜端子 50,个,73.08,16.5,1205.82,0.00572010018785
调合漆 ,kg,124.1982,9.5,1179.88,0.00972121164684
铁制灯头盒 T1-T4,个,532.4359,2.18,1160.71,0.0416746947401
YJV-5*2.5 ,m,111.1,10.38,1153.22,0.00869599248591
铜端子 240,个,50.75,21.38,1085.04,0.00397229179712
单相三极带开关防溅插座（抽油烟机） ,个,146.88,7.25,1064.88,0.0114965560426
KBG螺纹管接头 Φ20,个,460.5336,2.3,1059.23,0.0360467752035
铜绑线2 ,kg,50.04,21.14,1057.85,0.00391671884784
焊接钢管 15,m,206.7004,5.08,1050.04,0.0161788040075
镀锌扁钢卡子 ,kg,310.2125,3.37,1045.42,0.0242808782091
圆钢 Φ10以内,kg,422.8695,2.34,1034.57,0.0330987398247
单相三极防溅插座（电热水器） ,个,146.88,6.7,984.1,0.0114965560426
铜端子 25,个,150.22,3.2,966.69,0.0117579837195
单相二、三极防溅插座（卫生间） ,个,110.16,8.6,947.38,0.00862241703193
金属抱箍 ,套,182.31,5.0,911.55,0.0142697244834
单相三极防溅插座（冰箱） ,个,146.88,6.1,895.97,0.0114965560426
单相三极防溅插座（燃气报警用） ,个,146.88,6.1,895.97,0.0114965560426
槽钢 16以内,kg,227.76,3.87,881.43,0.0178271759549
焊接钢管 50,m,45.732,19.16,876.23,0.0035795241077
扁钢 60以内,kg,364.6224,2.37,864.15,0.028539636819
胶合剂 ,kg,145.3205,5.89,855.94,0.0113744912336
镀锌铁丝 13#-17#,kg,207.2675,4.1,849.8,0.0162231919224
设备层吸顶灯 ,套,17.17,49.0,841.33,0.00134392611146
锁紧螺母 20,个,3681.7075,0.22,809.98,0.28817372417
直管接头 15,个,1096.8789,0.7,767.82,0.0858546415153
汽车起重机 5t,台班,1.9717,388.88,766.75,0.000154328428303
防锈漆 ,kg,61.0346,12.54,765.37,0.00477728553538
KBG接地卡子 Φ25,个,2443.4175,0.31,757.46,0.191250587038
电缆桥架SR100*50 ,m,15.678,47.74,748.47,0.00122714464621
塑料手套 ST型,个,117.6,6.0,705.6,0.00920475892298
单相带保护门二、三极插座 ,个,106.08,6.5,689.52,0.00830306825297
ZRYJV-4*6 ,m,36.36,18.83,684.66,0.00284596117721
荧光灯管 40W,条,132.31,4.8,635.09,0.0103561365059
ZRBV-2.5 ,m,404.376,1.55,626.78,0.0316512210394
铜端子 35,个,36.54,16.5,602.91,0.00286005009393
胀管扎头 ,个,5872.1084,0.1,587.21,0.459620256731
镀锌机螺钉 6～12*12～120,个,2679.04,0.218,584.03,0.209693174703
终端头卡子 ,个,230.72,2.5,576.8,0.0180588603632
普通钢板 δ=8-15,kg,206.6,2.67,551.62,0.0161709455229
焊接钢管接头 20,个,718.4456,0.73,524.47,0.0562340012523
镀锌带母螺栓 8*85～100,套,1260.72,0.41,516.9,0.0986787726988
直管接头 25,个,469.2938,1.1,516.22,0.0367324514715
镀锌木螺钉 ,个,11583.52,0.044,509.67,0.906662492173
KBG直管接头 Φ25,个,814.4725,0.6,488.68,0.0637501956794
载重汽车 8t,台班,1.0584,446.02,472.07,8.28428303068e-05
绝缘导线 BV-4,m,485.301,0.95,461.04,0.037985363181
PVC 阻燃塑料管 32,m,91.4148,4.89,447.02,0.00715519724483
焊接钢管接头 25,个,428.2658,1.02,436.83,0.0335211177207
水泥 综合,kg,1183.1935,0.366,433.05,0.0926106371321
单管荧光灯（自带电容补偿） ,套,9.09,45.0,409.05,0.000711490294302
塑料胶粘带 20*50,卷,89.6,4.5,403.2,0.0070131496556
载重汽车 5t,台班,1.1717,340.29,398.72,9.17110206637e-05
防水砂浆 ,m3,1.3,302.35,393.06,0.000101753287414
镀锌带母螺栓 10*85～100,套,660.96,0.57,376.75,0.0517345021916
清油 ,kg,27.0717,13.3,360.05,0.00211894959299
焊锡膏 50g/瓶,kg,14.9716,24.0,359.32,0.00117185347527
镀锌带母螺栓 10*20～35,套,1176.0804,0.28,329.3,0.0920538822793
自粘性橡胶带 ,卷,138.24,2.38,329.01,0.0108202880401
膨胀螺栓 Φ8,套,489.6,0.66,323.14,0.0383218534753
膨胀螺栓 Φ10,套,216.24,1.43,309.22,0.0169254852849
封铅 ,kg,11.0643,27.54,304.71,0.00086602222918
绝缘导线 RVS2*1.0,m,374.115,0.81,303.03,0.0292826393237
塑料护口 15～25,个,3008.1647,0.1,300.82,0.235454344083
荧光灯吊链 ,m,138.0,2.17,299.46,0.0108015028178
镀锌圆钢 Φ10以内,kg,64.544,4.59,296.26,0.00505197244834
三合板 ,m2,25.192,11.42,287.69,0.00197182216656
塑料软管 ,kg,35.81,7.99,286.12,0.00280291170946
KBG接地卡子 Φ20,个,1036.2006,0.24,248.69,0.0811052442079
裸铜线 10mm2,m,125.44,1.94,243.35,0.00981840951785
单控三联跷板开关 ,个,37.74,6.2,233.99,0.00295397620539
绝缘导线 BV-10,m,92.9793,2.46,228.72,0.00727765341265
路名牌 ,张,114.24,2.0,228.48,0.0089417658109
塑料胶布带 25*10,卷,234.2337,0.96,224.86,0.0183338838447
总等电位箱 ,台,1.0,220.0,220.0,7.82717595492e-05
膨胀螺栓 Φ6,套,516.12,0.42,216.77,0.0403976205385
塑料软管 Φ9,m,864.0,0.23,198.72,0.0676268002505
砂子 ,kg,5179.7438,0.036,186.47,0.40542766124
油麻绳 ,kg,17.7,10.26,181.6,0.00138541014402
橡胶垫 δ=2,m2,8.9267,20.0,178.53,0.000698708515967
塑料带 20*40,卷,44.36,3.99,177.0,0.0034721352536
沥青漆 ,kg,45.6497,3.86,176.21,0.00357308234189
YJV-5*4 ,m,11.817,14.88,175.84,0.000924937382592
电缆桥架SR300*100 ,m,1.407,119.85,168.63,0.000110128365686
KBG螺纹管接头 Φ32,个,39.0113,4.3,167.75,0.0030534830933
镀锌电缆卡子 3*35,个,146.2457,1.13,165.26,0.0114469082655
汽车起重机 10t,台班,0.2839,569.84,161.78,2.2221352536e-05
镀锌垫圈 10,个,3880.1137,0.04,155.2,0.30370332655
镀锌电缆卡子 2*35,个,160.2287,0.94,150.61,0.0125413822793
镀锌垫圈 8,个,3750.7345,0.04,150.03,0.293576588917
风扇 ,台,1.0,150.0,150.0,7.82717595492e-05
载重汽车 10t,台班,0.2839,520.96,147.9,2.2221352536e-05
钢保护管 40*400,根,41.6101,3.53,146.88,0.00325689574202
接线盒盖 ,个,146.88,1.0,146.88,0.0114965560426
镀锌钢管 50,m,5.55,26.04,144.52,0.000434408265498
KBG直管接头 Φ20,个,287.8335,0.5,143.92,0.0225292345022
载重汽车 4t,台班,0.48,275.62,132.3,3.75704445836e-05
黄漆布带 25,卷,7.92,16.04,127.04,0.000619912335629
防水粉 ,kg,20.8,6.1,126.88,0.00162805259862
焊接钢管接头 32,个,82.8285,1.52,125.9,0.00648313243582
圆钉 ,kg,34.0576,3.64,123.97,0.00266574827802
瓷接头 双路,个,310.03,0.39,120.91,0.024266593613
焊接钢管接头 40,个,62.4427,1.82,113.65,0.0048875
锁紧螺母 25,个,401.4992,0.28,112.42,0.0314260488416
镀锌带母螺栓 8*16～25,套,606.9972,0.16,97.12,0.0475107388854
防潮吸顶灯 ,套,2.02,45.0,90.9,0.000158108954289
石子 综合,kg,2815.245,0.032,90.09,0.220354179712
相色带 ,卷,24.6,3.52,86.59,0.00192548528491
塑料软管 Φ16,m,144.0,0.56,80.64,0.0112711333751
铅油 ,kg,11.0175,7.3,80.43,0.000862359110833
塑料护口(钢管) 25,个,401.4992,0.2,80.3,0.0314260488416
塑料胶线 2*1.6/0.15,m,223.5,0.35,78.23,0.0174937382592
沥青清漆 ,kg,19.2723,3.86,74.39,0.00150847683156
绝缘导线 BV105-2.5,m,94.77,0.77,72.97,0.00741781465247
红机砖 ,块,144.0,0.5,72.0,0.0112711333751
汽车起重机 16t,台班,0.087,819.8,71.32,6.80964308078e-06
单相带保护门二、三极防溅插座 ,个,8.16,8.6,70.18,0.000638697557921
酚醛层压板 δ10～20,m2,0.08,859.0,68.72,6.26174076393e-06
200号溶剂汽油 ,kg,28.5144,2.4,68.43,0.00223187226049
镀锌铁丝 8#-12#,kg,17.7713,3.85,68.42,0.00139099092048
塑料护口(钢管) 20,个,673.5428,0.1,67.35,0.0527193800877
镀锌带母螺栓 10*40～60,套,167.1576,0.4,66.86,0.013083719474
入盒接头及锁扣 32,套,13.2716,4.9,65.03,0.00103879148403
金属软管 Φ20,m,20.6,2.91,59.95,0.00161239824671
铜端子 6,个,42.63,1.4,59.68,0.00333672510958
焊接钢管接头70 ,个,17.3813,3.26,56.66,0.00136046493425
紫铜板 ,kg,2.4,23.6,56.64,0.000187852222918
酚醛防锈漆 ,kg,5.6193,9.4,52.82,0.000439832498435
沥青绝缘漆 ,kg,7.3271,6.91,50.63,0.000573505009393
KBG接地卡子 Φ32,个,117.0338,0.43,50.32,0.00916044145272
镀锌带母螺栓 12*40～60,套,106.08,0.47,49.86,0.00830306825297
镀锌六角螺栓 16*35～60,个,68.4553,0.65,44.5,0.00535811678147
乙炔气 ,m3,2.95,15.0,44.25,0.00023090169067
KBG直管接头 Φ32,个,39.0113,1.1,42.91,0.0030534830933
镀锌蝶形螺母 10,个,68.4553,0.49,33.54,0.00535811678147
镀锌机螺钉 M6,套,114.24,0.286,32.67,0.0089417658109
木螺丝 ,个,1484.62,0.021,31.18,0.116203819662
普通钢板 δ=1-1.5,kg,8.4,3.58,30.07,0.000657482780213
黑胶布带 20*20,卷,14.544,2.0,29.09,0.00113838447088
带母螺钉 5*15,套,821.4631,0.034,27.93,0.0642973622417
锁紧螺母 32,个,77.6517,0.34,26.4,0.00607793519098
汽车起重机 8t,台班,0.0507,492.38,24.96,3.96837820914e-06
锁紧螺母 40,个,58.5401,0.41,24.0,0.00458203663118
直管接头 32,个,13.2716,1.8,23.89,0.00103879148403
塑料护口(钢管) 40,个,58.5401,0.4,23.42,0.00458203663118
塑料软管 Φ12,m,72.0,0.3,21.6,0.00563556668754
绝缘导线 BV-6,m,15.0,1.37,20.55,0.00117407639324
黄腊布带20*50 ,盘,2.65,7.45,19.74,0.000207420162805
焊接钢管接头 50,个,7.3171,2.61,19.1,0.000572722291797
金属软管卡子 20,个,58.88,0.32,18.84,0.00460864120225
单控单联防潮跷板开关 ,个,3.06,5.9,18.05,0.00023951158422
塑料软管 Φ7,m,114.714,0.15,17.21,0.00897886662492
塑料护口(钢管) 32,个,77.6517,0.2,15.53,0.00607793519098
尼龙接头 20,个,29.44,0.52,15.31,0.00230432060113
铜制带母螺栓 6*30,套,32.64,0.46,15.01,0.00255479023168
金属软管接头 Φ20,个,29.44,0.51,15.01,0.00230432060113
氧气 ,m3,4.91,3.0,14.73,0.000384314339386
镀锌锁紧螺母(金属软管用) 20,个,58.24,0.24,13.98,0.00455854727614
镀锌弹簧垫圈 10,个,1907.4133,0.007,13.35,0.149296595178
钢筋 Φ10以内,kg,3.5875,3.57,12.81,0.000280799937383
焊接钢管接头 15,个,33.0721,0.36,11.91,0.00258861145899
带指示灯单控单联跷板开关 ,个,2.04,5.7,11.63,0.00015967438948
锁紧螺母 70,个,17.3813,0.64,11.12,0.00136046493425
塑料护口(钢管) 70,个,17.3813,0.6,10.43,0.00136046493425
银粉涂料 ,kg,0.708,12.86,9.1,5.54164057608e-05
酚醛磁漆 ,kg,0.66,13.3,8.78,5.16593613024e-05
钢板垫板 ,kg,3.0,2.67,8.01,0.000234815278647
胶木线夹 ,个,48.0,0.16,7.68,0.00375704445836
镀锌弹簧垫圈 8,个,1867.7172,0.004,7.47,0.146189511584
硬脂酸 ,kg,0.7138,10.21,7.29,5.58703819662e-05
塑料异形管 Φ5,m,30.5,0.19,5.8,0.00238728866625
锁紧螺母 15,个,31.0051,0.18,5.58,0.002426823732
型钢 ,kg,1.256,3.75,4.71,9.83093299937e-05
标志牌 ,个,213.4721,0.02,4.27,0.0167088368817
硬塑料管 15,m,3.6,1.13,4.07,0.000281778334377
镀锌带母螺栓 8*30～60,套,15.3,0.26,3.98,0.0011975579211
镀锌带母螺栓 16*85～100,套,2.04,1.93,3.94,0.00015967438948
垫铁 ,kg,2.19,1.65,3.61,0.000171415153413
锁紧螺母 50,个,6.8598,0.49,3.36,0.000536928616155
裸铜线 6mm2,m,3.0,1.08,3.24,0.000234815278647
塑料护口(钢管) 15,个,31.0051,0.1,3.1,0.002426823732
镀锌角钢 ,kg,0.916,3.37,3.09,7.1696931747e-05
地脚螺栓 10*100,套,8.16,0.36,2.94,0.000638697557921
塑料护口(钢管) 50,个,6.8598,0.4,2.74,0.000536928616155
镀锌垫圈 6,个,28.56,0.04,1.14,0.00223544145272
材料费 ,元,0.832,1.0,0.83,6.51221039449e-05
钢筋成型加工及运费 Φ10以内,kg,3.5875,0.135,0.48,0.000280799937383
镀锌垫圈 16,个,2.04,0.1,0.2,0.00015967438948
塑料胀塞 ,个,4.2,0.03,0.13,0.000328741390106
人工费调整 ,元,0.0274,1.0,0.03,2.14464621165e-06
机械费调整 ,元,-0.0215,1.0,-0.02,-1.68284283031e-06
